id,HIN
0,आ ध ी
1,आ क ा श
2,आ प
3,आ आ श ा
4,आ ई
5,अ ब ् द ु ह
6,अ ब र ह ा र ् त
7,ए ब े य
8,अ ब ु
9,अ ब ् र ी
10,अ क े ड म ी
11,ए क ो म ो ड े श न
12,ए क र र ् न
13,ए ड म ् स
14,अ द ग ा ं व
15,ए ड ल ब स
16,ए ग ् र ो
17,आ ह ् ल ा द
18,ए य र
19,ऐ स ी न
20,अ ज ी
21,अ झ ा
22,अ ज ी थ
23,आ क ा र म
24,अ क े ल े
25,आ ख ि र ी
26,अ क ो ड ि य ा
27,अ क ू र ् द ी
28,अ ल ा स
29,ए ल ् ब न ी
30,अ ल े स ् ट र
31,अ ल े क ् स
32,अ ल ी प ु र
33,अ ल ् क ल ी
34,अ ल ् प े श
35,अ म ा न त
36,अ म े र ि क न
37,अ म ो द ि न ी
38,अ ं ध ा
39,ए ं ज े ल
40,ए न ् न ा
41,ए न ी
42,ए ं ट ी ब ॉ ड ी
43,ए ऑ न
44,अ प न े
45,अ र ा फ ा
46,ए र ि ए
47,आ र ् क
48,अ र म ा न
49,आ र ् म ् ‍ स
50,आ र न ॉ ट
51,अ र स ि क े र ी
52,आ र ् ट
53,अ र ् थ र ् ट न
54,अ श ो क ा
55,आ श ् र म
56,ए स ् प े र े न
57,ए स ् ल े
58,ए थ े
59,अ त ि
60,ऑ क ल ै ं ड
61,अ ौ द े न
62,औ ल ि य ा
63,ऑ स ् ट ् र ो
64,ए व े ल ि न
65,अ व ा र ् ड ् ‍ स
66,अ व ् र ा
67,अ य ् ब क
68,आ े ं ग ी
69,ब ा ग ु ल
70,ब ा न
71,ब ा त
72,ब ड़ ा
73,ब द म ा श
74,ब ॅ ड र
75,ब ढ ़ ो
76,ब द म श ो ं
77,ब ग द ा द ी
78,ब ा ह र व ा ल ी
79,ब ा ल म ण ि
80,ब ै ल र ि ज
81,ब ल ख म
82,ब ल व ं त
83,ब ा म ो र ी
84,ब ै ं ड र र त ि ल ् क े
85,ब ै ं ड ॉ प ज ् य ा
86,ब ं श ल ा ई
87,ब ा ई र ी
88,ब र ा इ ग ् र ा म र ा म
89,ब र ् न ी
90,ब र स ा ओ
91,ब स े र े
92,ब त ् त ी
93,ब ट ु
94,ब य ा ज़ ि द
95,ब ा ज़ ा र
96,ब े क न
97,ब ी न
98,ब ी थ ो व े न
99,ब े ग म
100,ब े ग म
101,ब े ह र ा म
102,ब े म ् ब ् र ि ज
103,ब े ं ग ल
104,ब े न ि ट ो
105,ब े न स ो न ् व ् ह ल े
106,ब र े ं द ् र े श
107,ब े ट ा
108,ब े ट े
109,ब े
110,ब ह ा
111,भ ा भ ी
112,भ क ् त
113,भ ा ज न
114,भ र ो स े
115,भ र ु च
116,भ ट न ा ग र
117,भ ौ ज ा ई
118,भ े द
119,भ ू ल
120,भ ु व न े स ् व र ी
121,ब ि भ ो र
122,ब ि ज ा न ी
123,ब ि ख र े
124,ब ि क ् र ो म
125,ब ि ल ह ा र
126,ब ि ल
127,ब ि ल ् स न
128,ब ा य ो क े म
129,ब ि र ज
130,ब ि स ल व ा स
131,ब ् ल ै क व े
132,ब ् ल ि क ् स
133,ब ् ल ि ग न ॉ ट
134,ब ् ल ि ं ड
135,ब ॉ च र
136,ब ॉ ड ी
137,ब ो ए ट ा
138,ब ो ज े
139,ब ू
140,ब ु क
141,ब ो र ् ड र
142,ब ॉ श
143,ब ॉ ल े स
144,ब ् र े स व े ल
145,ब ् र ह म म न
146,ब ् र ह ् म न ् य ा
147,ब ् र ी स
148,ब ् र े ट न
149,ब ् र े व र ी
150,ब ् र ा य ं ट
151,ब ् र ो म ो
152,ब ् र ू क
153,ब ् र द र ् स
154,ब ् र द र
155,ब ् र ा उ न ल ो
156,ब ् र ु न े ल
157,ब क ल ै ं ड
158,ब ु ल ् फ ि न
159,ब ् य ू र ो
160,ब ु र म ा ह
161,ब ु श
162,ब ा य
163,ब ा य र ॉ न
164,क ै ल ग र ी
165,क ै म ् प ब े ल
166,क ै न ा द ा स
167,क ै प ो न
168,क ै र ि ं ग
169,क ै र ी
170,क ॉ ल फ ी ल ् ड
171,च ा द र
172,च क र ा ध ा र ी
173,च म ् प ल ल न न
174,च ं ग े ज ़
175,च ं क ा न ा
176,च ै प ल ल
177,च ै र ि थ
178,क ा र ् ट े स
179,क ा र ् ट ् े स
180,च े स ि स
181,च ै ट फ ी ल ् ड
182,च ै ट र ् ज ी
183,च त ् र ज ी
184,च ौ ध र ी
185,च ै ल ् स े
186,च ी र
187,क े म ि क ल ्
188,च े न ् क े स व व ा
189,छ ू
190,च ि ल ् ब ि ल ा
191,च ि प व व ा न
192,च ि र ् श ् च ि य न
193,च ो इ स
194,च ो ल ् व ा र ा म
195,च ो र ो ं
196,च ो र व ड ़
197,क ् र ॉ न ‍ ि क ल
198,च र ् च ि ल
199,च ् य ू ल ु
200,स ि ड ा ड े स
201,स ि म ा ट ा र ि य ो
202,स ि ट ा ड े ल
203,क ो ट
204,क ो क ा
205,क ॉ फ ़ ी
206,क ो ल ा
207,क ल र
208,क म ा ड ड न ट े
209,क म ् प ् य ू ट र ् स
210,क ं ड े क ो र े श ि न
211,क ो न ो ल ी ज ा
212,क ं स ो ल ी ड ा ट े ट
213,क ु ल ॅ ग
214,क ो प ् क ो
215,क ो र ा ज ़ न
216,क ॉ स ि य र
217,क ा उ ं ट
218,क ् र े फ
219,क ् र ो ं ज
220,क ् र ु क ह ो र ् न
221,क ् र ो स ि ं ग
222,क ् र ा उ न
223,क ल ् च र
224,क र ् ट ल ी
225,स ा य ब र
226,द ा ल
227,द भ ो ई
228,द ब ् ल ी
229,द ै ग ु
230,ड े ग ़ ल
231,ड ा ह ड े
232,द ा ह े श
233,द ै ई
234,ड ै ल र म प प
235,द म द म ा
236,ड ै न ी
237,ड ा प े न ् ग
238,ड े र ि ल
239,द ौ र
240,ड े व ि ड
241,ड े व ी स
242,ड े
243,ड ी ड
244,ड े क ् म ् ब र
245,द ी व ा न े
246,ड े र ् ड ् र े
247,द े क े
248,द े ख
249,द े न ा
250,ड े ं ज ़ े ल
251,ड े प ो ट
252,ड े र ि क
253,ड े स
254,ड े स ॉ ट ो
255,द े व द ा स
256,फ ा ह ि र
257,ध ल ी ब ि ल
258,ध ा र ी
259,ढ ो ब र ी
260,ड ा य ा म ो न
261,ड ि ब ो श
262,ड ि क म न ा
263,ड ा इ क
264,द ि ल ह ा र ा
265,द ि ल व ा ल े
266,द ी न ा
267,ड ा य र
268,ड ि प ् ल ो म ट ि क ि क
269,ड ि स ऐ ब ल ् ड
270,द ि स ् क
271,ड ि ज ़ ् न ी
272,ड ी ल ि ं क
273,ड ो ड ी
274,ड ो ल
275,ड ो ं ग र ग ढ
276,ड ो न ा ह ् य ू
277,द ो न ो ं
278,द ु ल ् ह ा
279,ड ् र ा म ा
280,द ् र व ि ड़
281,ड ् र ॉ इ ं ग
282,ड ् र ि प ि ं ग
283,ड ् र ा इ व
284,ड ् र ु स ि ल ा
285,ड ु क ा क ि स
286,द ु ल ी प
287,द ् व ा र क े श
288,ड ा य म ॉ क
289,ए ड ् ड ो
290,ए ड ग र
291,ए ड म ं ड ् ‍ स
292,इ ग म ो र
293,इ ज ि प ् त ि य न
294,इ ं स ् ट ी न
295,ए ल ् ब ि ट
296,ए ल ् ड र
297,ए ल ् ड र ् स
298,ए ल न
299,ए ल ् म र
300,ई ल ा ँ ग
301,ए ं ब ् य ू र े
302,ए न ् ट र प ् र ा इ र ा इ ज े स
303,ए र ा ह ् ड
304,ए र ि क
305,इ र ् व ि न
306,इ र ् व ि न
307,अ र ् ज़ र ज ़ ो ग
308,ए स ् ट ो न ि य न
309,इ स ् ट ् र े ल ् ल ा
310,इ त ् त े म ा द
311,इ ज े न ि य ा
312,ए क ् स प ् ल ो र
313,ई द
314,फ ै ं ट ा ज ़
315,फ ़ ा र ् ग ो
316,फ ़ ा स ् ट न र ् स
317,फ ज ल
318,फ ज ़ ् ल
319,फ र ् न े ं ड ो
320,फ ़ े र ो
321,फ ़ े र ो
322,फ ॉ ं ड
323,फ ् र े ड ् र ि क ा
324,फ ् र ि स ि र ा स
325,फ ् र ं ट ि य र
326,ग द ग
327,ग द ् र
328,ग ा ल क ् ज ि ड ी
329,ग ै ल ि ल ि य ो
330,ग ै ल ं ट ् ‍ स
331,ग ं भ ी र ी
332,ग न ग ा प ु र
333,ग न े ग ा म ा
334,ग र म
335,ग र ् म
336,ग ा र ् न र
337,ग ॉ स
338,ग ौ त ा म ा
339,ग ॉ व ि न
340,ग े र ल ड े न
341,ग े र ि ट ा
342,ज े र ् म न ि य म
343,घ ा ँ व ट क र
344,ग ़ ज़ ा ल ी
345,घ ो ड़ ा
346,ग ो र ख ा ल
347,ग ु ए ल े
348,ग ि फ ॉ र ् ड
349,ग ् ल े ड ी
350,ग ् ल े म ॉ र ् ग न
351,ग ् ल ो ब
352,ग ो ख ल े
353,ग ो क ट
354,ग ो ं ब े
355,ग ॉ न क ो र ् ट
356,ग ो र ् श क ॉ व
357,ग ो स े ज ़ ग ा ं व
358,ग ो स ् व ा म ी
359,ग ो व ि ं द न ा र
360,ग ् र े फ
361,ग ् र े
362,ग ् र े न ् ट े क
363,ग ् र ी व े ल
364,ग ् र ॉ स
365,ग ु ध ा
366,ग ु ज र ा त
367,ग ु ल ा ब ी
368,ग ल ् फ
369,ग ु न ् द े र ी प ् प ल म
370,ग ् क
371,ह ा म ि द
372,ह फ ी ज़
373,ह ॅ ल े
374,ह ा फ
375,ह म ा म ा ह ा
376,ह ँ स त े
377,ह र ा
378,ह र स ि ं ग र
379,ह ा र ् व े
380,ह ॉ र व ि च
381,ह ट ा ओ
382,ह य
383,ह ी र ो ं
384,ह े ल ् स
385,ह े म ् ं ं ग ् स
386,ह ा य र
387,ह ि ल ् फ ़ ि ज ़ र
388,ह ि ल
389,ह ि ल ् ल ् र े स ् ट
390,ह ि ं द ु द ् स ा न
391,ह ि स ा ब
392,ह ि य ो
393,ह ॉ ग
394,ह ो ल ् ड र
395,ह ो ल े
396,ह ो ल ि ड ा
397,ह ो म स ् ट े ड
398,ह ो ं ड ा
399,ह ो न े
400,ह ू ँ
401,ह ॉ स न ् न ा
402,ह ु ब
403,ह ड र ् स फ ी ल ् ड
404,ह ् ग ल ी
405,ह ल
406,ह ु म ा र ी
407,ह म म ् प े
408,ह ु न ै द ा ह
409,ह ं ड र े ड
410,ह ं ट
411,ह ु स ् न
412,ह ा इ ड ् र ो ज े न ि क ् स
413,इ ब द द
414,इ क ह न
415,ग ग ल ् ल े स ् ड न
416,इ म े ज
417,इ न आ म
418,इ ं द ु क ा ं त
419,इ ं ग र स ॉ ल
420,इ ं स ा फ
421,इ ं स ् ट ् र ी क ् श न
422,इ ं ट र न ् ट न न े ट ल
423,इ ं ट र न े श न ल
424,आ र ि श ् म न
425,आ इ स ल
426,इ स ् ट व व
427,इ ट ा ल ि य ा न ो
428,इ त ा व ा
429,इ व े ं ट र
430,ज ा फ र ी
431,ज ा न ी
432,ज र स व े ल ् ड
433,ज े क ब
434,ज ह र ो उ स
435,ज ै स े
436,ज ै त ु
437,ज ल ् त ी
438,ज म ा ई
439,ज म द ा
440,ज न स ा ध ा र ण
441,ज ा ं ज ग ी र
442,ज व ग ल
443,ज य न ग र
444,ज य ं थ ा
445,ज य प ् र क ा श द र न
446,ज े स ी
447,ज ि य ो
448,ज ी त ा
449,ज े ट
450,ज ् य ु श
451,झ ु क
452,झ ू क ं ं ग े
453,झ ु क त ा
454,ज ि ल ा न ी
455,ज ि म ी
456,ज ि न
457,ज ो
458,ज ो ध प ु र ी
459,ज ो ह न
460,ज ु ड ग
461,ज ् व ा र
462,ज ् य ो त ी ब ा
463,ज ् य ो त ि र ् ल ि ं ग
464,क ा ल ा
465,क ा म ि ल
466,क ा श ी
467,क ब
468,क ब ी र ा
469,क ज ा र ि य ा
470,क ल ् प े ज
471,क ा ं ब ल ी
472,क न क ल त ा
473,क ं द म ् ब ी
474,क ं द ा स ् व म ी
475,क ं ध
476,क न े न ग र ा
477,क न े र ि य ा
478,क न ् ह ै य ा
479,क ा ँ ट े
480,क न ् य ा
481,क र म ा ह
482,क र ं ज व ा न
483,क र े ग ा
484,क ा र ् ल
485,क र ू ँ ग ा
486,क र व ा
487,क ा स ् च ु र ी
488,क ै ट ि ल न
489,क ै ट ् स े
490,क व ा च ी
491,क ज़ ी म
492,क ी ट ् स
493,क ॅ न े ड ी
494,क े न े ड ी
495,क े न ो श ा
496,क े र
497,क े ट ल
498,क े त ु
499,ख ा ल ि द
500,ख ा न ा
501,ख ै र ि य ा ह
502,ख य ् य म
503,ख े ल त े
504,ख ो ड़ ा
505,ख ू न ी
506,ख ु फ ि य ा
507,क ि ज ज ु क ी त
508,क ि ल े र ् न े
509,क ि र म ा न ी
510,क ि स
511,क ि स ी
512,क ि स ी
513,क ि स ् स ा
514,क ि त न े
515,क ् ल ू ज न र
516,क ो ल
517,क ॉ न
518,क ो र े न
519,क ो स ा न
520,क ो ट ो
521,क ् र े ब ् स
522,क ् र ि स
523,क ु ल स े क र ा
524,क ु त ् त े
525,क ् य ो ं ज ी
526,ल ै क
527,ल ज ् व ा त ि
528,ल क ् ष ् म ी प त ि
529,ल ा ल
530,ल ै ं ड
531,ल ै न न
532,ल ा स
533,ल ा स ् क र
534,ल ा ए ग ी
535,ल े ह म न
536,ल ी
537,ल े ं ग े
538,ल े ट र ् स
539,ल ी व र
540,ल ी ल ै ं ड
541,ल ा इ ट
542,ल ि ं ड ी
543,ल ि स ा
544,ल ो ब च व व स ् क ् य
545,ल ो ह ा
546,ल ो क
547,ल ॉ य ड च ि ल ी ज ़
548,ल क ी
549,ल ् य ू प ो ल ् ड
550,ल ु थ र
551,ल ् य े न
552,ल ि ट ट न
553,म ह ि र
554,म ा ँ ग े
555,म ा र
556,म ै क व े न
557,म ै क ् क े
558,म द
559,म द ा र ी
560,म ै द ि न
561,म ै ग ् न ा
562,म ह ा ं द ्
563,म ह ा ज ब ी न
564,म ह ा प त ् र
565,म े ह ो म े द
566,म े ल
567,म ा ल
568,म ल क ा
569,म ा ल ू क ु
570,म म त ा
571,म ा न ि क प ु र
572,म ं ज ु र ल
573,म न ् न ा र
574,म ं स ू र
575,म ा र ् क न ् ट ो न ो
576,म र ् च ै स
577,म े र ी
578,म र ् ज ी न ा
579,म र ु ध ा न ध ी
580,म स ् ज ि द
581,म ै स न
582,म ा त व
583,म ै थ ् य ू
584,म ै ट
585,म ै ट ि स
586,म ा न ् स े ल
587,म व े ं ज ी
588,म व ल ा न ा
589,म ै क क ् ल े र ी
590,म े ड ा
591,म े घ द ू ट
592,म े ह र
593,म े ह र ा ब
594,म े ं
595,म े ल े ह ा ्
596,म े म ो र ि य ल
597,म े न र ा
598,म े ं ग क ् व ा ं ग
599,म े र ा
600,म े र े
601,म े र ि ट
602,म े र ि ल
603,म े ट ल
604,म े थ
605,म े थ ु स े ल ा ह
606,म े क ् स ि क न
607,म े र ि क
608,म ह ल े
609,म ि क ॅ न र
610,म ि च ो ल ी
611,म ि ड ल ल े ट न
612,म ि ल ा ई
613,म ि ं ट ो
614,म ि ट च ॅ म
615,म ि ट े ं ग े
616,म ि त ् स ु ब ि श ी
617,म ो न ु द ् द ी न
618,म ो न ् स ा न ो ट ो
619,म ॉ न ् ट श ा य र
620,म ो र ो स ि न ी
621,म ॉ र ो
622,म ॉ ल ् ट ् र ी
623,म ा उ ं ट
624,म ो ज ़ ा र ् ट
625,म ृ ण ा ल ी
626,म ु ज ी ब
627,म ु ल ् ह ा उ स
628,म ु ल ् त ी
629,म ु न ी म
630,म ु ं स ि फ
631,म ु र ा ल ि थ र न
632,म र ् ड ो क
633,म ु श ् फ ि क र
634,म ु ख़ ह ा र ा ह
635,म ा य
636,न ा म ी
637,न ा त े
638,न ग ा म ू ट ू
639,न ह ी ं
640,न ख ी म ो व
641,न ा न स े न
642,न ै स ् क ो प ी
643,न श ी न
644,न व ा ज़
645,न य ा
646,न ज़ र
647,न ी ल ी
648,न ी र ा
649,न े त ् र व त ी
650,न ा इ ट
651,न ा इ ट े ं ग ल
652,न ि क ि त ा
653,न ि म ् र ो ड
654,न ि र ो द ो ष ी
655,न ि श ् च य
656,न ो ल ् ट े
657,न ू र ् ड
658,न ॉ र ् द न
659,न ॉ र थ थ ब ् र ि य ा
660,न ॉ ट ि ं ग ह ॅ म
661,न ो व ा म े र ि क न
662,ओ ल ् ड ो न ि य ो
663,ऊ ँ च
664,ऑ र
665,ऑ र ल े
666,ओ र ् म ू ल ा
667,ओ स ा म ु
668,ओ व र ल ै ं ड
669,प ा ं ड ु
670,प े ं ट र
671,प ल ल ं क ा
672,प ा ल ु ं ग
673,प न ा म ा
674,प े ं ट ा न ल
675,प ् प ् स
676,प र र
677,प ा र ् स े ल
678,प र ि न ी त ा
679,प ा र क र
680,प ा र ् क ् स
681,प ा र ् थ ि व
682,प ा र ् व त
683,प ा स ् क ो
684,प स ी न ा
685,प ा स क ् व े ल
686,प त त ी
687,प ै ट ो ं
688,प ॉ ल ् स
689,प ा व र ो त ्
690,प ै य ि ं ग
691,प े य ो ड
692,प ी च
693,प े अ र स ै ल
694,प ी य र स न
695,प े ं ट ा म े ड ि य ा
696,प े प ् ल े
697,प र ् स न
698,प े ट र ् स
699,प ी ट र स न
700,फ ि ल ो
701,फ ू ल व त ी
702,फ ो ट ो
703,फ ो ट ो ग ् र ा फ ी
704,प ि क
705,प ि ि न ि क
706,प ी ट
707,प ् ल े स
708,प ् ल े ट
709,प ो ल ि क
710,प ो ल ी ड े क ् स
711,प ॉ न ् ट ी य क ् स
712,प ॉ न ट ट ा इ स े
713,प ू र ी
714,प ो प
715,प ो र ् ट े ल ा
716,प ो स ् ट
717,प ् र भ ा त ी
718,प ् र ा च ु र
719,प ् र म ो ड ् य ा
720,प ् र े ग ् ल
721,प ् र े म ि य ो
722,प ् र े स र ो ो व ा
723,प ् र े स ् स
724,प ् र ी स ् ट
725,प ् र ि ं ट
726,प ् र ो फ े श ् न ल
727,प ् र ो फ ा इ ल ् स
728,प ् र ो व ि ं स ि य न
729,प ृ र थ थ
730,प ब ् ल ि क ् स
731,प ् क ा क ा
732,प ु क ा र े ग ा
733,प ं ज ा
734,प ू र ब
735,प ु र ा न ी
736,प ु र ो स ् क र
737,प ु र ् व ो ड य
738,प ु र ् ज़ ा
739,प ् य ा र े
740,क ि न
741,क ् व ा ड
742,क ् व ा ल ि ट ी
743,क ु ़ ू न ो न
744,क ़ ु र ् ब ा न
745,क ि ल ा
746,र ा ड ा
747,र ग ू न ा थ
748,र ह म ा ह ा म
749,र ह ो ो
750,र ा ह ू
751,र े न
752,र ा य न ा
753,र ा ज े श
754,र ा ज ह ा र ा
755,र ख र ा
756,र ा म ् क ो
757,र ा म द ि न
758,र ा ं च ी
759,र ं ग े ल ी
760,र ं ग ी न
761,र ै ं ग ि ल
762,र क ी ब ु ल
763,र श ् क
764,र ा ष ् ‍ ट ् र ी य
765,र े ड ् ड ी
766,र े फ ़ ि न
767,र े न ी
768,र ि स र ् च
769,र ा इ ट
770,र ि म
771,र ि प र
772,र ि च ् च ी
773,र ॉ ब ि न ह ु ड
774,र ॉ न ड ् ‍ य ू ट
775,र ू प ा
776,र ू थ ा
777,र ु क ा
778,र ु श
779,र ू थ
780,र ू ज ़ ि न
781,र ि य ा न
782,र य ा न ए अ र
783,र ा य ड र
784,ए स
785,स ा ब
786,स च ् च ा ई
787,स द ा श ी व
788,स द ी म
789,स ा ध न ा
790,स द ् र ा
791,स फ ि य ् य ा ह
792,स ै फ ु ल
793,स ई द
794,स ै फ ु ल
795,स ै ग ल
796,स े ं ट
797,स ा ल े ह
798,स ा म ा
799,स ै म ् ी
800,स न व ब र
801,स ै न ि त ा र ी
802,स ा ं क े ट
803,स ै प
804,स प े र ा
805,स र ि य ा ह
806,स र ो व र
807,स त ् त ा
808,स त ् त ा र
809,स त ् त े
810,स ा व ू
811,स ा व र
812,स य म ु क ् त ा
813,श ् य ू य र
814,स ी ज र
815,स ् क ॉ र ् प ि य ो
816,स ् क ॉ ट ‍ ि श
817,स े ब े स ् ट ी न
818,स े ब ् ल ै ट
819,स े स ु ं द र र ब ा द
820,स ी ख ा
821,स ी ख
822,स े
823,स े क ी
824,स े न फ े ल ् ड
825,स ी ल ॅ क
826,स े न ी य र
827,स र ् ज े ं ट
828,स े ठ
829,श ा ं क ् ी
830,श ा ह द र ा
831,श े क ् स प ि य र
832,श ा म
833,श म श े र ा
834,श ा ं द ा
835,श ा न ी
836,श त र ु ज य
837,श ौ क ा
838,श ॉ ल
839,श ह य
840,श ी त ल ा
841,श े ख
842,श े क
843,श े र ी द ा न
844,श र ् व ि न
845,श ि ल ि ं ग फ ो र ् ड
846,श ि व ा ज ी
847,श ि व म
848,श ो ख
849,श ् र व ा त त
850,श ् र व न
851,श ु ब े ल ि क
852,श ु क ् ल ा
853,श ू न
854,स ि ड
855,स ि द ा थ
856,स ि द ् द ी क
857,स ि र ् ग ो न ी
858,स ि क ् क े
859,स ि ल ् स
860,स ि ल ् व र व ु ड
861,स ि त ा ल ा ल म ं द ी
862,स ् क ा य
863,स ् म ॉ ल
864,स ो ल ो म न
865,स ॉ ल ् य ू श न
866,स ो म र स े ट
867,स ो न ि य ा
868,स ू ल ा ग ि र ी
869,स ो स ा
870,स ौ उ ल ी
871,स ो य ा
872,स ् प े श ल
873,स ् प ी ल ब र ् ग
874,स ् प ि न ि ं ग
875,स ् प ा य न
876,स ् प ॉ न ् ज ़
877,स ् र ी र म
878,स ् त न ो व ो
879,स ् ट े ट ् ‍ स
880,स ् ट ी ल
881,स ् ट ी ल ् स
882,स ् ट े ं क ा
883,स ् ट ी फ ह े न ् स
884,स ् ट ् ‍ य ू र ् ग े ट
885,स ् ट ् र ॉ ब े र ी
886,स ् ट ् र ा ए ड म
887,स ् ट र ् ट
888,स ् ट ा य र ि स
889,स ू
890,स ु ब ् र म न ् य म
891,स ु क ् र े
892,स ु द ि र ् म ा न
893,स ु ह ा ग ा
894,स ु ह ै ल ा
895,स ू ज ी
896,स ु ल ग त े
897,स ु म े र प ु र
898,स ु ं द र म
899,स ु प र
900,स ु फ ा प ो ं ग
901,स ु ज ़ न ा
902,स ् व ा न
903,स ् व ि न ब र ् न
904,स ि ं क ् र ो न ा इ ज़ ् ड
905,त ा ब ि श
906,ट ा ह ल ी आ ण ा
907,ट े ल र
908,त ा य े े
909,ट ा ं ड ा
910,ट ै ं ड ी
911,ट ै ं स ् क ो
912,त ा र ी ख
913,त ा व र े
914,ट ै व र ् न
915,ट व ा ं ड ा
916,ट ी स ा इ ड
917,ट े ल ी क ॉ म
918,ट े ल े ग ् र ा फ
919,ट े र ि ब ल
920,ट े स ि क ा
921,ट े ज़ ु क ा
922,ठ ं ड ा
923,द
924,थ ‍ ि ए ट र र
925,थ े ल स स ट न
926,थ े र म ा ल
927,थ ी फ
928,थ ि ल न
929,थ ि ल ि न ा
930,थ ो र ् न
931,थ ् र ॉ ग ् ज
932,ठ ग
933,ट ि क ि ट
934,ट ि ड ि ं ग ् स
935,ट ि ग र
936,ट ि ल ् ट म ै न
937,ट ा इ म
938,ट ो ल ू क ा
939,ट ॉ म ् ल ि न
940,ट ॉ र े ं ट
941,ट ् र े ड ि ं ग
942,ट ् र ि क ा ल
943,त ् र ू द े ू ू
944,त ् स ा व ो
945,ट फ ी
946,त ु म ् ह ा र ा
947,ट र ् क ो
948,य ु ब े र ो थ
949,उ ज े श
950,ल स ् ट र
951,य ू न ा इ ट े ड
952,प
953,ऊ ष ा
954,उ ठ त ा
955,उ त ् स े य ा
956,व े ल र
957,व ॉ ल ् ट ि ं ग
958,व े ं ट ि स ि न ् क ो
959,व े ल ् क ् र ो
960,व े म ् ब क ो त ् त ा ई
961,व े न े ट ि य न
962,व े न ् क ट ा प ा थ ी
963,व े र ी ज ़ न
964,व े स ु व ि य स
965,व ि भ ू ष ण
966,व ि क ा ल ् प
967,व ि ल े न ि क ा
968,व ि व ा ह
969,व ् र श ा भ
970,व ् र े ल ि स
971,व ह ी द ु ल
972,व ॉ ल
973,व ा ल ा
974,व ॉ ल ि ं ग ट न
975,व ा ं ड ा
976,व स ी म
977,व ै क ् स
978,व ् ह ि ट ि ं ग
979,व ् ह ि ट म ॅ न
980,व ् ह ि ट ् ट ल
981,व ् ू ू प
982,व ि ज े स ु र ि य ा
983,व ि ल ि य म ् स
984,व ि श ा र ् ट
985,व ि स न े स ् क ी
986,व ि द
987,व ो
988,व ो ल ् फ म ै न
989,व ू ल े
990,व ट ट े म ब र ् ग
991,य े ड न
992,य श ो ध र
993,य ो ग े ं द ् र
994,ज ब ् ब र ब
995,ज़ ह ी र
996,ज ़ े ल ी व ॅ ग र
997,ज े प ल न
998,ज़ ि ं द ग ी
999,ज ़ ि ऑ न
